id;sign_off_id;qa_tested;qa_tested_by;sign_off_attached;sign_off_to;sign_off_cc;sign_off_attachments
1;7076;true;blue Executive;true;Checking;East Kyat;Northeast leverage
2;25969;true;yowza Greg 1080p;true;green reboot;tangible;Soul deposit
3;4134;false;super;false;navigating invoice West;Global Principal;East Hybrid Recumbent
4;28959;true;Gasoline salmon Volkswagen;true;Managed;Volkswagen Electronic East;Idaho West hub
5;19370;false;teal male;true;hertz Sudanese;between Fresh;benchmark
6;4335;false;cease;true;BMX South Nebraska;Savings Northwest Shoes;Bicycle turquoise
7;1897;false;male intranet;true;Baby Harbor Arab;Markets;deposit productize Non
8;27791;false;scribble Southeast person;true;Southeast;Rubber Real;Lesch botch Stage
9;29106;false;patiently Cis;true;frictionless;candela male;Program Directives
10;30479;false;unless Clothing;false;Missouri solution;Chips vertical;Rustic
